,Nombre de la Institución Educativa,Provincia
916,NAUN BRIONES,LOJA
917,FRANCISCO CHIGUA,LOJA
918,JUAN DE DIOS MALDONADO,LOJA
919,CARLOS CUADRADO LEON,LOJA
920,MANUEL REINALDO TINITANA SARANGO,LOJA
921,DR. NEPTALI CARRASCO,LOJA
922,PROFESOR HAMILTON TANDAZO,LOJA
923,SERVIO MONTERO,LOJA
924,SAN CRISTOBAL,LOJA
925,BENJAMIN CEVALLOS,LOJA
926,LA  LIBERTAD,LOJA
927,GUTTEMBERG,LOJA
928,SANTA MARIANITA,LOJA
929,ESCUELA GENERAL MOISES OLIVA RED EDUCATIVA UTUANA,LOJA
930,ROBERTH  OWEN,LOJA
931,ESCUELA FISCAL MIXTA BATALLON DEL SUR,LOJA
932,DR  JOSE PERALTA,LOJA
933,HERMANO AGUSTIN VILLAREAL DELGADO,LOJA
934,PIEDAD LARREA BORJA,LOJA
935,BATALLON CABO MINACHO,LOJA
936,SAN VICENTE FERRER,LOJA
937,ROSA LOAIZA VALAREZO,LOJA
938,11 DE NOVIEMBRE,LOJA
939,HNO SANTIAGO FERNANDEZ GARCIA,LOJA
940,CARLOS CEVALLOS VALDIVIESO,LOJA
941,UNIDAD ARTESANAL GEORGINA ROSILLO,LOJA
942,SERVILLO LUDEÑA GAHONA,LOJA
943,LA DOLOROSA  ATILLO,LOJA
944,JOSE JAVIER CABRERA JIMA,LOJA
945,JESUS DEL GRAN PODER,LOJA
946,ESCUELA HIPOLITO AMADOR LOAIZA DAVILA,LOJA
947,HITLER ROBERTO CORONEL JARAMILLO,LOJA
948,LOURDES,LOJA
949,TECNICO EDMUNDO CEVALLOS AGUIRRE,LOJA
950,EL CISNE,LOJA
951,DR. ISIDRO AYORA,LOJA
952,MARIA ANTONIETA RODRIGUEZ,LOJA
953,JACINTO  JIJÓN  Y CAAMAÑO,LOJA
954,CLOTARIO CUEVA PAZ,LOJA
955,GERARDO GUEVARA BARBA,LOJA
956,ANTONIO CASTILLO HERMANO MIGUEL,LOJA
957,U. E. ELOY ALFARO,LOJA
958,SAN JUAN DE LA CRUZ,LOJA
959,SANTA JUANA DE ARCO LA SALLE,LOJA
960,UNIDAD EDUCATIVA A DISTANCIA DE LOJA  EXT LIC ESTUARDO REZA,LOJA
961,LEON XIII,LOJA
962,SANTIAGO APOSTOL,LOJA
963,LUIS FELIPE CARBO,LOJA
964,REMIGIO CRESPO TORAL,LOJA
965,JUAN BAUTISTA AGUIRRE,LOJA
966,ENRI SALVADOR LOAIZA SOTO,LOJA
967,PENINSULA DE SANTA ELENA,LOJA
968,AMADA JUMBO SANTA TERESA,LOJA
969,HERNANDO  DE MAGALLANES,LOJA
970,LUZ DE AMERICA,LOJA
971,INSTITUTO TECNOLOGICO SUPERIOR CARIAMANGA,LOJA
972,INST.MARIANO SAMANIEGO,LOJA
973,SAN ANTONIO,LOJA
974,RUBEN DARIO,LOJA
975,NOCTURNA 14 DE OCTUBRE,LOJA
976,IMBABURA,LOJA
977,ESPECIAL  HELEN KELLER,LOJA
978,PAULO VI,LOJA
979,MUSTIOLA CUEVA DE REYES,LOJA
980,27 DE OCTUBRE,LOJA
981,GASPAR DE VILLARROEL,LOJA
982,GRAN COLOMBIA,LOJA
983,DR LORENZO IMAICELA,LOJA
984,CRISTOBAL COLON,LOJA
985,DR.  CARLOS ARROYO DEL RIO,LOJA
986,SAN JUAN EVANGELISTA,LOJA
987,SAN VICENTE FERRER,LOJA
988,CHILE,LOJA
989,LUIS ALFONSO CRESPO CHIRIBOGA,LOJA
990,UNIDAD EDUCATIVA FISCOMISIONAL  MARIA AUXILIADORA,LOJA
991,LANTADILLA,LOJA
992,CENTRO DE FORMACION ARTESANAL LA SALLE,LOJA
993,NARCIZA DE JESUS,LOJA
994,CENTRO ARTESANAL ELOY ALFARO,LOJA
995,LUZ RODRIGUEZ DE CORONEL,LOJA
996,ROSA ELVIRA BURNEO DE A,LOJA
997,SAN PEDRO MARTIR,LOJA
998,MARIANO SAMANIEGO,LOJA
999,TELMO OLIVA OJEDA,LOJA
1000,CIUDAD DE TOKIO,LOJA
1001,SRA. MERCEDES ONTANEDA SOLANO,LOJA
1002,AMBATO,LOJA
1003,SANTA MARIANA DE JESUS,LOJA
1004,REINA DEL CISNE,LOJA
1005,LA CRUZ DE SANGUILLIN,LOJA
1006,LIC. SALOMON SARANGO,LOJA
1007,JORGE ICAZA,LOJA
1008,NUMA POMPILIO LLONA CRISTO REY,LOJA
1009,SALVADOR CARRION,LOJA
1010,GONZALO ZALDUMBIDE,LOJA
1011,REMIGIO ROMERO Y CORDERO,LOJA
1012,EL ORO,LOJA
1013,RED SANGUILLIN,LOJA
1014,PEDRO PERALTA NOVILLO,LOJA
1015,PADRE ESTEBAN NARGANES GARCIA,LOJA
1016,GARCIA MORENO,LOJA
1017,14 DE OCTUBRE,LOJA
1018,JUAN JOSE HERRERA OJEDA,LOJA
1019,MANUEL JIMENEZ,LOJA
1020,REINO DE LOS SHYRIS,LOJA
1021,JOSE HERIBERTO JIMENEZ,LOJA
1022,GERONIMO CARRION,LOJA
1023,CARLOS MONTUFAR,LOJA
1024,LUIS VARGAS TORRES,LOJA
1025,HUGO COLON RODRIGUEZ,LOJA
1026,SEGUNDO CORREA,LOJA
1027,ESCUELA PENINSULA IBERICA,LOJA
1028,CIUDAD DE MADRID,LOJA
1029,ING. ALFONSO VALDIVIEZO,LOJA
1030,INSTITUTO SUPERIOR PEDAGOGICO CIUDAD DE CARIAMANGA,LOJA
1031,JOSE MARIA RIOFRIO,LOJA
1032,RAFAEL RIOFRIO,LOJA
1033,ANDRES TINOCO DE MERCADO,LOJA
1034,DANIEL GONZALEZ IRENE,LOJA
1035,SANTA ELENA,LOJA
1036,REPUBLICA DE VENEZUELA,LOJA
1037,ESCUELA CIUDAD DE MONTEVIDEO,LOJA
1038,BALBINA CASTRO,LOJA
1039,UNIDAD EDUCATIVA A DISTANCIA DE LOA EXTENSION SAN BERNABÉ,LOJA
1040,PIO CUEVA SAMANIEGO,LOJA
1041,ESCUELA FISCAL MIXTA SANCHEZ DE ORELLANA,LOJA
1042,MIGUEL ANGEL CARRION CUEVA,LOJA
1043,WILLIAN KING,LOJA
1044,DR. GONZALO ARIAS CASTILLO,LOJA
1045,ESCUELA VICTORIANO JARAMILLO VIVANCO,LOJA
1046,EMILIANO ABENDAÑO GONZALEZ,LOJA
1047,MEDARDO FILOMENO CUEVA,LOJA
1048,JUAN FRANCISCO RODRIGUEZ MORA,LOJA
1049,JOSE MIGUEL SAMANIEGO,LOJA
1050,YAGUACHI,LOJA
1051,MONSEÑOR LEONIDAS PROAÑO VILLALBA,LOJA
1052,CENTRO EDUCATIVO MUNICIPAL CATAMAYO,LOJA
1053,CENTRO PSICOPEDAGÓGICO CATAMAYO,LOJA
1054,FINE TUNED CATAMAYO,LOJA
1055,COMPENSATORIO CATAMAYO,LOJA
1056,SEMILLITAS DEL SABER,LOJA
1057,MARIA INES QUINDE BURNEO,LOJA
1058,PADRE JULIO MARIA MATOVELLE,LOJA
1059,ING ALFONSO CORONEL B,LOJA
1060,CENTRO ARTESANAL NOCTURNO CATAMAYO,LOJA
1061,CORINA DEL PARRAL,LOJA
1062,GABRIELA MISTRAL N1,LOJA
1063,SAN JUAN BAUTISTA,LOJA
1064,MERCEDES QUINDE BURNEO,LOJA
1065,DR JOSE MARIA TORRES RIOFRIO,LOJA
1066,JOSE MARIA VELAZ SJ EXTENSION N2 CATAMAYO,LOJA
1067,22 DE MAYO DE 1981,LOJA
1068,HIPOLITO QUEZADA GONZALEZ,LOJA
1069,LUIS ALFREDO SAMANIEGO ARTEAGA,LOJA
1070,CARLOS AUGUSTO ORTEGA ERIQUE,LOJA
1071,OVIDIO DECROLY,LOJA
1072,INSTITUTO TECNOLOGICO SUPERIOR NUESTRA SEÑORA DEL ROSARIO,LOJA
1073,COLEGIO NACIONAL NOCTURNO CATAMAYO,LOJA
1074,DOLORES ORDOÑEZ,LOJA
1075,MOISES ALBERTO HIDALGO JARRIN,LOJA
1076,CORONEL AUGUSTO WITT ANAZCO,LOJA
1077,JAIME ROLDOS AGUILERA,LOJA
1078,BILINGÜE CATAMAYO,LOJA
1079,PADRE ELISEO ARIAS CARRION,LOJA
1080,GABRIELA MISTRAL N2,LOJA
1081,ULPIANO MOSCOSO,LOJA
1082,EMILIANO ORTEGA ESPINOZA,LOJA
1083,NUESTRA SEÑORA DEL ROSARIO,LOJA
1084,RIO PALORA,LOJA
1085,TERESA LUCIA CELI GALVAN,LOJA
1086,UNIDAD EDUCATIVA A DISTANCIA DE LOJA EXTENSION EL PRADO,LOJA
1087,NELSON ROMERO,LOJA
1088,FULTON,LOJA
1089,8 DE DICIEMBRE,LOJA
1090,ASSAD BUCARAM,LOJA
1091,PEDRO VICTOR FALCONI,LOJA
1092,ESCUELA VICENTE BURNEO,LOJA
1093,FLAVIO ALFARO,LOJA
1094,GERÓNIMO CASTAÑEDA,LOJA
1095,MARIANA GUTIERREZ DE HIDALGO,LOJA
1096,SAN VICENTE FERRER,LOJA
1097,ENRIQUE VACAS GALINDO,LOJA
1098,LAS MERCEDES,LOJA
1099,REINA DEL CISNE,LOJA
1100,DIVINO NIÑO JESUS,LOJA
1101,NUEVO AMANECER,LOJA
1102,15 DE AGOSTO,LOJA
1103,TERESA CEPEDA Y FUENTES,LOJA
1104,ALBERTO VARGAS ERAS,LOJA
1105,GENOVEVA BUSTAMANTE DE APOLO,LOJA
1106,ROSA AURORA SANCHEZ GRANDA,LOJA
1107,BRACAMOROS,LOJA
1108,JOSE GUAMAN GUAJALA,LOJA
1109,UNIDAD EDUCATIVA A DISTANCIA DE LOJA EXTENSION 5 DE JUNIO,LOJA
1110,COLEGIO TECNICO AGROPECUARIO TRECE DE NOVIEMBRE,LOJA
1111,ESCUELA CIUDAD LOYOLA,LOJA
1112,VIRGEN DEL ROSARIO,LOJA
1113,ALFREDO BINNETT,LOJA
1114,ESCUELA FISCAL MIXTA  25 DE OCTUBRE,LOJA
1115,SABANILLA,LOJA
1116,ESCUELA CARLOS FINLAY,LOJA
1117,HONORIO FEDERICO SANCHEZ GRANDA,LOJA
1118,RIO NANGARITZA,LOJA
1119,CINCO DE MAYO   EL GUABO BAJO,LOJA
1120,MANUEL MARIA SANCHEZ,LOJA
1121,GUILLERMO GRANDA,LOJA
1122,ADELA MENDIETA,LOJA
1123,ESCUELA VALLADOLID,LOJA
1124,PROCER JOSE PICOITA,LOJA
1125,CELINA DE JESUS CALERO DE ROMAN,LOJA
1126,MANUEL GRANDA,LOJA
1127,ESCUELA ALFREDO ROBERS,LOJA
1128,CARLOS RAUL BUSTAMANTE,LOJA
1129,ESCUELA  FISCAL MIXTA ARCENIO CASTILLO,LOJA
1130,ESCUELA CARLOS BUSTAMANTE,LOJA
1131,LAS PAMPAS,LOJA
1132,JUAN CARLOS MANZANILLAS SARANGO,LOJA
1133,MARIA MADGALENA PEÑA,LOJA
1134,EFREN MONTESDEOCA,LOJA
1135,RUTH PALACIOS DE MENA,LOJA
1136,TIWINTZA,LOJA
1137,CENTRO DE PRIMARIA POPULAR REINA DEL CISNE,LOJA
1138,DIEGO DE NOBOA,LOJA
1139,MAXIMILIANO RODRIGUEZ,LOJA
1140,HUMBERTO JARAMILLO BENITEZ,LOJA
1141,ESCUELA CABO PRIMERO GONZALO EFREN MONTESDEOCA,LOJA
1142,JOSE JAVIER EGUIGUREN,LOJA
1143,JOSE MIGUEL UNDA,LOJA
1144,DR  JOSE ANTONIO BAQUERO DE LA CALLE,LOJA
1145,MIGUEL ANGEL MONTALVO,LOJA
1146,ZOILA UGARTE DE LANDIVAR,LOJA
1147,JOSE MARIA AYORA,LOJA
1148,QUININDE,LOJA
1149,VICTORIA ELIDA BUELE,LOJA
1150,MADRE TERESA DE CALCUTA,LOJA
1151,ESCUELA FISCAL MIXTA PEDRO PACHECO,LOJA
1152,ENRIQUE PESTALOZZI,LOJA
1153,JUAN JOSE FERIA PUCHA,LOJA
1154,CORDILLERA DE NAMBIJA,LOJA
1155,JESUS DEL GRAN PODER,LOJA
1156,ESCUELA FRANCISCO ENRIQUE TOLEDO,LOJA
1157,PADRE JUAN DE VELASCO,LOJA
1158,BI 19 CARCHI ESCUELA POPULAR,LOJA
1159,REPUBLICA DE GUATEMALA,LOJA
1160,MAXIMILIANO RODRIGUEZ LOAIZA,LOJA
1161,COMUNA DOMINGUILLO,LOJA
1162,PEDRO JOSE TRAJANO BUSTAMANTE,LOJA
1163,UNIDAD EDUCATIVA A DISTANCIA DE LOJA EXT MONS HUGOLINO CERASUOL,LOJA
1164,RICARDO FERNANDEZ (C.A.),LOJA
1165,ROSAURA MENDIETA JIMBO,LOJA
1166,ESCUELA VILCABAMBA,LOJA
1167,SIMON BOLIVAR,LOJA
1168,ESCUELA RIO CANCHIS,LOJA
1169,SABULON BUSTAMANTE,LOJA
1170,SOLDADO SEGUNDO QUIROZ,LOJA
1171,MANUELA CAÑIZARES,LOJA
1172,JACINTO COLLAHUAZO,LOJA
1173,FAE,LOJA
1174,CABO SEGUNDO GABRIEL HIPOLITO SOLIS MOREIRA,LOJA
1175,CELICA,LOJA
1176,UNIDAD EDUCATIVA SANTA TERESITA,LOJA
1177,ROSA AURORA SANCHEZ GRANDA,LOJA
1178,AURELIO GONZALEZ,LOJA
1179,LOS RIOS N 203,LOJA
1180,RIO MALACATOS,LOJA
1181,ESTHELA MARIA CUENCA DE FERNANDEZ,LOJA
1182,ING JOSE VICENTE BUSTAMANTE ARMIJOS,LOJA
1183,MANUEL CAPA BERMEO,LOJA
1184,TECNICO 12 DE DICIEMBRE,LOJA
1185,LAZARO CARDENAS,LOJA
1186,COLEGIO ARTESANAL FRANCISCO CELI BARBA,LOJA
1187,UNIDAD EDUCATIVA A DISTANCIA DE LOJA EXTENSION LA DOLOROSA,LOJA
1188,CASPICARA,LOJA
1189,MEXICO,LOJA
1190,JUAN JOSE CASTILLO CELI,LOJA
1191,CHAGUARPAMBA,LOJA
1192,MANUEL CABRERA LOZANO,LOJA
1193,CARLOS LUDEÑA,LOJA
1194,CELSA FILOTEA MOCHA ORDOÑEZ,LOJA
1195,INSTITUCIÓN  FISCOMISIONAL LA DOLOROSA,LOJA
1196,8 DE ABRIL,LOJA
1197,HERMANO LUIS VINUEZA PAVON,LOJA
1198,MARIA LALANGUI,LOJA
1199,QUISQUIS,LOJA
1200,PALTAS,LOJA
1201,NICOLAS AVELLANEDA,LOJA
1202,CIUDAD DE CATACOCHA,LOJA
1203,OLIMPIA MENDIETA,LOJA
1204,RIO PINDO,LOJA
1205,JOSE LINO PALACIOS,LOJA
1206,GERTRUDIS PIEDRA,LOJA
1207,FILOMENA FLORES,LOJA
1208,ISABEL MARIA LIZALDEZ DE TRUJILLO,LOJA
1209,MIGUEL DE CERVANTES,LOJA
1210,COLEGIO TECNICO AGROPECUARIO CHAGUARPAMBA,LOJA
1211,CINCO DE JUNIO,LOJA
1212,CORONEL VIRGILIO GUERRERO,LOJA
1213,WINSTON CHURCHILL,LOJA
1214,ROSITA PAREDES JUMBO,LOJA
1215,CARLOS MIGUEL CASTILLO,LOJA
1216,UNIDAD EDUCATIVA A DISTANCIA DE LOJA EXTENSION LOZUMBE,LOJA
1217,MATILDE HIDALGO DE PROCEL,LOJA
1218,JULIO MOISES CORDOVA ROJAS,LOJA
1219,DR. BENIGNO VALDIVIEZO,LOJA
1220,MIGUEL ANTONIO CANO MADRID,LOJA
1221,SEGUNDO PUERTAS MORENO,LOJA
1222,HOMERO AYALA,LOJA
1223,QUITO LUZ DE AMERICA,LOJA
1224,CONDORAZO,LOJA
1225,MIGUEL OCAMIDORO LARGO,LOJA
1226,MIREYA VILLAMAGUA,LOJA
1227,CARMELINA ROMAN TINOCO,LOJA
1228,CALICUCHIMA,LOJA
1229,12 DE FEBRERO,LOJA
1230,DR JORGE CASTILLO CARRION,LOJA
1231,EDISON,LOJA
1232,DR  JUAN FRANCISCO ONTANEDA,LOJA
1233,CELIANO AVILA PENA,LOJA
1234,BARBARA GUARNIZO,LOJA
1235,PUCARA,LOJA
1236,ALFREDO PAREJA DIEZCANSECO,LOJA
1237,CRISTOBAL PADILLA COX,LOJA
1238,MELVA VICENTA ONTANEDA GARCÍA,LOJA
1239,PUERTO BAQUERIZO,LOJA
1240,21 DE NOVIEMBRE,LOJA
1241,RENATO DESCARTES,LOJA
1242,CABO CASTILLO,LOJA
1243,ESCUELA JOSE JOAQUIN PALACIOS,LOJA
1244,BERNARDO VALDIVIESO,LOJA
1245,JOSE MARIA RIOFRIO,LOJA
1246,JULIO ERNESTO CELI ROMAN,LOJA
1247,CARLOS MANTILLA JACOME,LOJA
1248,DR JOSE LUIS TAMAYO,LOJA
1249,DR. GONZALO CORDOVA,LOJA
1250,DIEGO VACA DE VEGA,LOJA
1251,ECUADOR,LOJA
1252,26 DE SEPTIEMBRE,LOJA
1253,DIEZ DE OCTUBRE,LOJA
1254,MONS. JOSE IGNACIO CHECA,LOJA
1255,MONS. JOSE MARIA MACIAS,LOJA
1256,LAUREL DEL AIRO,LOJA
1257,LA NARANJA,LOJA
1258,JUAN LEON MERA,LOJA
1259,COLEGIO TECNICO AGRICOLA ECUADOR,LOJA
1260,CARLOS MARIA DE LA TORRE,LOJA
1261,AZOGUES,LOJA
1262,ESCUELA FISCAL MIXTA JUAN JOSE PEÑA,LOJA
1263,LIC JAIME BOLÍVAR VALAREZO OCAMPO,LOJA
1264,HERMANO JUAN NEPOMUCENO,LOJA
1265,ANTONIO FIDEL GARCIA TORRES,LOJA
1266,PROF  ANGELICA TORRES RIOS,LOJA
1267,ESCUELA FRANCISCO PIZARRO,LOJA
1268,DR JAVIER VALDIVIESO,LOJA
1269,AUGUSTO ARIAS,LOJA
1270,DR GUADALUPE LARRIVA GONZALEZ,LOJA
1271,24 DE OCTUBRE,LOJA
1272,NICOLAS MAQUIAVELO,LOJA
1273,TRABAJADORES EL INGENIO,LOJA
1274,ESCUELA ISABEL GARCIA,LOJA
1275,SANTA ROSA,LOJA
1276,29 DE ABRIL,LOJA
1277,HERNANDO DE BARAHONA,LOJA
1278,ANA MARIETA ROJAS GARRIDO,LOJA
1279,COLEGIO NACIONAL MIXTO 2 DE AGOSTO,LOJA
1280,FISCAL MIXTA LUZ CLARITA SUÁREZ,LOJA
1281,MANABI,LOJA
1282,GABRIEL GARCIA MORENO,LOJA
1283,MONSEÑOR LUIS ALFONSO CRESPO CHIRIBOGA,LOJA
1284,MONSEÑOR JOSE MARIA HARRIS MORALES,LOJA
1285,JOSE ANTONIO AVILA JIMÉNEZ,LOJA
1286,GUSTAVO TORRES ADRIANCEN,LOJA
1287,ESCUELA FISCAL MIXTA GABRIEL GARCIA MORENO,LOJA
1288,PLANTEL CENTRAL DE LA RED EDUCATIVA DE TIOPAMABA,LOJA
1289,ZAMORA DE LOS ALCALDES,LOJA
1290,CLARA AURORA GARCIA TORRES,LOJA
1291,CIUDAD DE AMALUZA,LOJA
1292,ASUNCION,LOJA
1293,ESCUELA MAINAS,LOJA
1294,ROSA HERLINDA GARCIA DE GARCIA,LOJA
1295,URUGUAY  N 87,LOJA
1296,HERMANO BERNABE LUIS,LOJA
1297,COLEGIO FISCAL MIXTO DR HUGO GUILLERMO GONZALEZ,LOJA
1298,LUIS BENJAMIN GUARNIZO,LOJA
1299,ESPINDOLA,LOJA
1300,COTOPAXI,LOJA
1301,LIBIA MERCHAN,LOJA
1302,CENTINELA DE LA PATRIA,LOJA
1303,DIEZ DE AGOSTO,LOJA
1304,JOSE MIGUEL CARRION,LOJA
1305,RIOBAMBA,LOJA
1306,ISMAEL PEREZ PAZMIÑO,LOJA
1307,JOSE ANGEL ALEJANDRO,LOJA
1308,ARCADIO MENDIETA VIRGEN DEL CISNE,LOJA
1309,PLATANILLO,LOJA
1310,CLORINDA  ANTONIA  JARAMILLO RIOS,LOJA
1311,REINA DEL CISNE,LOJA
1312,P ROF   ROSALINA PIEDRA OJEDA,LOJA
1313,DR ALFREDO PEREZ GUERRERO,LOJA
1314,ANTONIO DE ULLOA ( NARANJILLO),LOJA
1315,CENTRO ARTESANAL JUAN MARIA RIOFRIO ANEXO A LA UE SAN VICENTE DE PAUL,LOJA
1316,PROFESORA CRIMILDA TORRES DE GUARNIZO,LOJA
1317,GENERAL MANUEL SERRANO,LOJA
1318,BATTALLON RIFLES,LOJA
1319,JOSÉ MIGUEL RIOFRIO,LOJA
1320,NUESTRA SENORA DE LA NUBE,LOJA
1321,DR JOSE GABRIEL NAVARRO,LOJA
1322,SANTA MARIANITA DE JESUS (PILLINUMA),LOJA
1323,VALDIVIA,LOJA
1324,INDOAMERICA,LOJA
1325,COCHASQUI,LOJA
1326,JUAN DELGADO,LOJA
1327,PUERTO BOLIVAR,LOJA
1328,ESCUELA FISCAL MIXTA ROSAURA SALCEDO ROJAS,LOJA
1329,RIO SARAGURO,LOJA
1330,MARIA CELESTE BARRAGAN DE CHAVEZ,LOJA
1331,SANTA TERESA,LOJA
1332,UNIDAD EDUCATIVA SAN VICENTE DE PAUL,LOJA
1333,MEDALLA MILAGROSA,LOJA
1334,SAGRADO CORAZON,LOJA
1335,PIÑONALES,LOJA
1336,ESTADOS UNIDOS,LOJA
1337,JOSE MARTI,LOJA
1338,CAMILO PONCE ENRIQUEZ,LOJA
1339,CIUDAD DE GONZANAMA,LOJA
1340,TRATADO DE GIRON,LOJA
1341,JORGE JUAN HERRERA,LOJA
1342,JUAN DE SALINAS,LOJA
1343,ADAN CASTILLO CAÑAR,LOJA
1344,DR MANUEL DE JESUS LEON,LOJA
1345,NEWTON,LOJA
1346,CALIXTO CUEVA SANCHEZ,LOJA
1347,GALAPAGOS,LOJA
1348,BARTOLOME RUIZ,LOJA
1349,COLEGIO  NACIONAL JOSE FELIX DE VALDIVIESO,LOJA
1350,MANUEL CHAVEZ PAREDES,LOJA
1351,PEDRO BOUGUER,LOJA
1352,RIO GUAYAS,LOJA
1353,GONZALO PROCEL JARAMILLO,LOJA
1354,DR. JUAN FRANCISCO RUBIO,LOJA
1355,RAFAEL GARCIA,LOJA
1356,HAYDEE SIMANCAS,LOJA
1357,COLEGIO TECNICO AGRICOLA 30 DE SEPTIEMBRE,LOJA
1358,AGUSTIN CUEVA,LOJA
1359,MIGUEL ANGEL ALVAREZ CASTILLO,LOJA
1360,UNIDAD EDUCATIVA A DISTANCIA DE LOJA EXTENSIÓN PURUNUMA,LOJA
1361,DR. JAVIER SIMANCAS,LOJA
1362,RAQUEL BENIGNA ESPINOZA FIGUEROA,LOJA
1363,VICTOR MANUEL SAMANIEGO,LOJA
1364,COLEGIO TECNICO AGROPECUARIO GONZANAMA,LOJA
1365,COLEGIO COMPENSATORIO ARTESANAL DE GONZANAMÁ,LOJA
1366,JUAN MANUEL OJEDA LUNA,LOJA
1367,BALBINA MORENO,LOJA
1368,JUAN BAUTISTA AGUIRRE,LOJA
1369,LIC GILBERTO LEON YAGUANA,LOJA
1370,BALBINA MORENO (COLEGIO),LOJA
1371,LAUTARO VICENTE LOAIZA,LOJA
1372,EUGENIA  CORDOVEZ DE FEBRES CORDERO ANEXO GURDERIA INFA,LOJA
1373,AMBROSIO CEVALLOS,LOJA
1374,CENTRO ARTESANAL DR. LYA HARTN,LOJA
1375,TARQUI NO 96,LOJA
1376,UNIDAD EDUCATIVA A DISTANCIA DE LOJA  EXTENSION GONZANAMA,LOJA
1377,DR CARLOS ANDRADE MARIN,LOJA
1378,12 DE OCTUBRE,LOJA
1379,NUEVA ESPERANZA,LOJA
1380,DE MIS MANOS VISTEN,LOJA
1381,JESUS DEL GRAN PODER,LOJA
1382,CABO MINACHO,LOJA
1383,AMERICA RUTH LOZADA RAMIREZ,LOJA
1384,12 DE JUNIO,LOJA
1385,DON DIEGO RIOFRIO,LOJA
1386,MANUEL JOSE JARAMILLO,LOJA
1387,SEGUNDO CUEVA CELI,LOJA
1388,ESCUELA FISCAL   AGRIPINA LUZURIAGA,LOJA
1389,DOMINGA LEON DE ANDRADE,LOJA
1390,SIN NOMBRE ( CARBONERA),LOJA
1391,ROSA DELGADO RIOFRIO,LOJA
1392,ABELARDO FLORES,LOJA
1393,DANIEL SALVADOR OJEDA LUNA,LOJA
1394,PROVINCIA DE LOJA,LOJA
1395,VICENTE ROCAFUERTE,LOJA
1396,MONFILIO ZAMBRANO,LOJA
1397,JOSE MARIA BURNEO,LOJA
1398,ABEL ABIATAR QUEVEDO,LOJA
1399,CENTRO ARTESANAL BELGICA,LOJA
1400,DR. BALTAZAR AGUIRRE,LOJA
1401,DR. JOSE MARIA RIOFRIO,LOJA
1402,COLEGIO TECNICO AGROPECUARIO  DR AGUSTIN CUEVA SAENZ,LOJA
1403,BELGICA,LOJA
1404,EL PROGRESO,LOJA
1405,CENTRO EDUCATIVO PARTICULAR LA CALANDRIA,LOJA
1406,JARDIN ANTONIO PEÑA CELI,LOJA
1407,JOSE VICENTE ANDRADE,LOJA
1408,DOLORES PALACIO BRAVO,LOJA
1409,CUERPO DE PAZ,LOJA
1410,PIEDAD BURNEO DE OJEDA,LOJA
1411,CENTRO  DE   FORMACION ARTESANAL FISCAL VILCABAMBA,LOJA
1412,JUAN MONTALVO,LOJA
1413,MANUEL RIOFRIO MORA,LOJA
1414,MACARA,LOJA
1415,TRECE DE ABRIL,LOJA
1416,MIIGUEL CARPIO MENDIETA,LOJA
1417,JULIAN DE RUA PIZARRO,LOJA
1418,GONZALO ABAD GRIJALVA,LOJA
1419,FRANCISCO JAVIER SALAZAR,LOJA
1420,SAN PEDRO DE VILCABAMBA,LOJA
1421,ESCUELA ROSA CEVALLOS DE LUDEÑA,LOJA
1422,LUCRECIA ALDEAN,LOJA
1423,NUEVE DE OCTUBRE,LOJA
1424,BETZABET LUZURIAGA,LOJA
1425,COLEGIO NACIONAL MIXTO VILCABAMBA,LOJA
1426,MATILDE PALACIO DE JARAMILLO,LOJA
1427,DR. RICARDO SOTOMAYOR,LOJA
1428,FRAY VICENTE SOLANO,LOJA
1429,PEDRO LÓPEZ MEDRANO,LOJA
1430,JUAN ULLAURI,LOJA
1431,MANUEL BENJAMIN CARRION,LOJA
1432,JOAQUIN PALACIOS,LOJA
1433,VICENTE PAZ,LOJA
1434,JOSE VASCONCELOS,LOJA
1435,COLEGIO NACIONAL DR BALTAZAR AGUIRRE,LOJA
1436,DIRIGENTES DEL FUTURO,LOJA
1437,VICTOR GERARDO PILCO,LOJA
1438,FRANCISCO EGUIGUREN,LOJA
1439,LEONILA CORIZANDRA TANDAZO ATARIHUANA,LOJA
1440,DR LUIS EMILIO RODRIGUEZ,LOJA
1441,MANUEL ESTEBAN GODOY O.,LOJA
1442,RAFAEL RODRIGUEZ PALACIOS,LOJA
1443,CAMILO DESTRUGE ILLINWORTH,LOJA
1444,MARTHA BUCARAM DE ROLDOS,LOJA
1445,TEODORO WOLF,LOJA
1446,MANUEL GOMEZ  DE SALAZAR,LOJA
1447,ROLANDO MERCHAN SEMERIA,LOJA
1448,ELVIA BÉLGICA JIMÉNEZ DE GONZÁLEZ,LOJA
1449,VICTOR MANUEL BURNEO,LOJA
1450,LUIS VIVES,LOJA
1451,ESCUELA ANGEL MINOS CUEVA,LOJA
1452,UNIDAD EDUCATIVA MANUEL JOSÉ  RODRIGUEZ,LOJA
1453,MARIA MONTESSORI,LOJA
1454,NELSON BERMEO,LOJA
1455,BLANCA CANO PALACIOS,LOJA
1456,MANUEL BENIGNO FIGUEROA CARRION,LOJA
1457,16 DE JULIO,LOJA
1458,COLEGIO NACIONAL RUMISHITANA,LOJA
1459,REINA JULIANA DE HOLANDA,LOJA
1460,JOSE BENIGNO JARAMILLO,LOJA
1461,VICTOR MERCANTE,LOJA
1462,COLEGIO NACIONAL DR. EDUARDO MORA MORENO,LOJA
1463,CLORINDA ESPINOSA,LOJA
1464,BENJAMIN FRANKLIN NO 30,LOJA
1465,SIN NOMBRE (LINDEROS),LOJA
1466,RIO LAGARTOCOCHA,LOJA
1467,DR HUGO GUILLERMO GONZALEZ,LOJA
1468,BENJAMIN AYORA,LOJA
1469,OLGA MOROCHO CORREA,LOJA
1470,JUAN ZAMBRANO,LOJA
1471,TULCAN,LOJA
1472,JOSE MARIA BUSTAMANTE,LOJA
1473,RICARDO VALDIVIESO,LOJA
1474,VICENTE JARAMILLO PALACIO,LOJA
1475,PEDRO PINTO GUZMAN,LOJA
1476,ANGEL RUBEN  PLACENCIA,LOJA
1477,CLOTARIO ESPINOSA SIGCHO,LOJA
1478,GUILLERMO HERRERA SANCHEZ,LOJA
1479,PIO JARAMILLO ALVARADO,LOJA
1480,DR. BENJAMIN AYORA CUEVA,LOJA
1481,PEDRO FERMIN CEVALLOS,LOJA
1482,ISABEL DE ARAGON,LOJA
1483,ADOLFO VALAREZO,LOJA
1484,JUAN BENIGNO VELA,LOJA
1485,JUVENTUD EN MARCHA,LOJA
1486,EDUARDO UNDA BUSTAMANTE,LOJA
1487,LIBIA MELIDA JARAMILLO,LOJA
1488,LEONCIO JARAMILLO ESCUDERO,LOJA
1489,ANTONIO JIMENEZ DE MONTE,LOJA
1490,MARIA DOMINGA GUAYA SINCHE,LOJA
1491,SAN VICENTE FERRER,LOJA
1492,GONZALEZ SUAREZ,LOJA
1493,CENTRO OCUPACIONAL DE MÚSICA EMILIO ESCUDERO,LOJA
1494,SEI FOOTPRINTS ELEMENTARY SCHOOL (PRIMARIA),LOJA
1495,LOS OLIVOS,LOJA
1496,MUNDO DE COLORES,LOJA
1497,CABO MINACHO,LOJA
1498,COLEGIO POPULAR A DISTANCIA PIO JARAMILLO ALVARADO,LOJA
1499,ESCUELA FISCAL DE NIÑAS ELISEO ÁLVAREZ,LOJA
1500,CENTRO EDUCATIVO AMAUTA,LOJA
1501,CDI YACUARCUNA ANEXO A LA GUARDERIA,LOJA
1502,DR MANUEL BENJAMIN CARRION MORA,LOJA
1503,DOCTOR BENJAMIN CARRION,LOJA
1504,ESPECIAL CIUDAD DE LOJA N1,LOJA
1505,CENTRO EDUCATIVO PARTICULAR BILINGUE ARCOIRIS,LOJA
1506,ESCUELA FISCOMISIONAL EDUVIGES PORTALET,LOJA
1507,ESCUELA ALONSO DE MERCADILLO,LOJA
1508,CENTRO EDUCATIVO INTEGRAL ALBORADA,LOJA
1509,COLEGIO EXPIREMENTAL PIO JARAMILLO ALVARADO,LOJA
1510,CHISPITAS,LOJA
1511,CENTRO DE FORMACION ARTESANAL  FEDERACION DE ARTESANOS DE LOJA,LOJA
1512,UNIDAD EDUCATIVA  MUNICIPAL  PRADERA,LOJA
1513,MANUEL JOSE AGUIRRE,LOJA
1514,UNIDAD EDUCATIVA EXPERIMENTAL PARA CIEGOS LUIS BRAILLE,LOJA
1515,NICOLASA JURADO,LOJA
1516,PIO JARAMILLO ALVARADO,LOJA
1517,LINDEMBERG,LOJA
1518,GOTITAS DE MIEL,LOJA
1519,COLEGIO EXPERIMENTAL BERNARDO VALDIVIESO,LOJA
1520,APRENDER JUGANDO,LOJA
1521,TAGESSCHULE Y COLEGIO SAN GERARDO,LOJA
1522,ENRIQUE AGUIRRE BUSTAMANTE,LOJA
1523,UNIDAD EDUCATIVA ANEXA A LA UNIVERSIDAD NACIONAL DE LOJA,LOJA
1524,DR. FRANCISCO COSTA MALDONADO,LOJA
1525,DR. REINALDO ESPINOZA AGUILAR,LOJA
1526,CENTRO EDUCATIVO PARTICULAR BILINGUE SAN ANDRES (PRIMARIO),LOJA
1527,MUNICIPAL ECOLOGICA,LOJA
1528,DOROTEA CARRION,LOJA
1529,MATER DEI000,LOJA
1530,LICEO AMERICANO,LOJA
1531,ROSA ELENA EGUIGUREN,LOJA
1532,CARLOS BURNEO ARIAS,LOJA
1533,EDISON CALLE LOAIZA,LOJA
1534,U.E MUNICIPAL HEROES DEL CENEPA,LOJA
1535,LUIS HUMBERTO BENITEZ COSTA,LOJA
1536,ALFONSO AULESTIA BRAVO,LOJA
1537,TECNICO FISCAL MIXTO 27 DE FEBRERO,LOJA
1538,MERCEDES DE JESUS MOLINA Y AYALA,LOJA
1539,CONSERVATORIO SUPERIOR SALVADOR BUSTAMANTE CELI,LOJA
1540,DON BOSCO,LOJA
1541,HUMANITOS,LOJA
1542,CORDILLERA,LOJA
1543,UNIDAD EDUCATIVA A DISTANCIA DE LOJA EXTENSION RENACIMIENTO,LOJA
1544,FAUSTO MOLINA,LOJA
1545,MIGUEL ANGEL SUAREZ ROJAS,LOJA
1546,ADOLFO JURADO GONZALEZ,LOJA
1547,ANGEL MODESTO VALLEJO VIVANCO,LOJA
1548,AGUSTIN ALFONSO PALACIO PALACIO,LOJA
1549,UNIDAD INFANTIL Y ORFANATO MUNICIPAL N1,LOJA
1550,TENIENTE HUGO ORTIZ N2,LOJA
1551,UNIDAD EDUC FISCOMISIONAL A DISTACIA JOSE MARIA VELAZ SJ EXT 1LOJA,LOJA
1552,BENIGNO BAYANCELA,LOJA
1553,UNIDAD EDUCATIVA CALASANZ,LOJA
1554,INSTITUTO TECNOLOGICO SUPERIOR DANIEL ALVAREZ BURNEO,LOJA
1555,SIGLO XXI,LOJA
1556,EL TESORO DEL SABER,LOJA
1557,CENTRO ARTESANAL TNTE. HUGO ORTIZ,LOJA
1558,TENIENTE HUGO ORTIZ N1,LOJA
1559,CENTRO EDUCATIVO CARPE DIEM,LOJA
1560,CENTRO ARTESANAL DOROTEA CARRION,LOJA
1561,DR  JOSE MIGUEL CARRION  MORA,LOJA
1562,UNIDAD EDUCATIVA A DISTANCIA DE LOJA EXT HNO ANGEL PASTRANA,LOJA
1563,ANTONIO PENA CELI,LOJA
1564,CENTRO EDUCATIVO INTERANDINO,LOJA
1565,CENTRO DE FORMACION ARTESANAL RAMONA CABRERA,LOJA
1566,UNIDAD EDUCATIVA SANTA MARIANA DE JESUS,LOJA
1567,ESC. ADOLFO JURADO GONZALEZ,LOJA
1568,JUAN PABLO II,LOJA
1569,RAINBOW PLAY SCHOOL,LOJA
1570,CENTRO EDUCATIVO PARTICULAR BILINGUE BETEL,LOJA
1571,COLEGIO PARTICULAR ISIDRO AYORA,LOJA
1572,COLEGIO PARTICULA R JUAN MONTALVO,LOJA
1573,MIGUEL RIOFRIO  N 1,LOJA
1574,UNIDAD EDUCATIVA ATENEO,LOJA
1575,MONS. FRANCISCO VALDIVIEZO ALVARADO,LOJA
1576,SAN JUAN BAUTISTA DE LA SALLE,LOJA
1577,UNIDAD EDUCATIVA FISCOMISIONAL  VICENTE ANDA AGUIRRE,LOJA
1578,UNIDAD EDUCATIVA PARTICULAR LA INMACULADA,LOJA
1579,JOSE ANTONIO EGUIGUREN  LA SALLE,LOJA
1580,UNIDAD EDUCATIVA SAN FRANCISCO DE ASIS,LOJA
1581,UNIDAD EDUCATIVA LA PORCIUNCULA,LOJA
1582,MIGUEL ANGEL SUAREZ ROJAS,LOJA
1583,ESCUELA 18 DE NOVIEMBRE,LOJA
1584,CENTRO DE DESARROLLO INTEGRAL PUNTO DE PARTIDA,LOJA
1585,MIGUEL RIOFRIO N° 2,LOJA
1586,ESCUELA PARTICULAR VESPERTINA CONFESIONAL LA DOLOROSA,LOJA
1587,INSTITUTO ESPECIAL FISCAL PARA CIEGOS BYRON EGUIGUREN,LOJA
1588,COLEGIO DE BACHILLERATO BEATRIZ CUEVA DE AYORA,LOJA
1589,LAS ABEJITAS,LOJA
1590,CADE,LOJA
1591,COLEGIO DR. ANTONIO PEñA CELI,LOJA
1592,ROSA JOSEFINA BURNEO DE BURNEO,LOJA
1593,MONTSERRAT,LOJA
1594,CENTRO DE PRIMARIA POPULAR BRIGADA DE INFANTERIA N 7,LOJA
1595,LAS ARDILLITAS,LOJA
1596,LUIS ANTONIO ENRIQUE ORTEGA,LOJA
1597,VICENTE BASTIDAS REINOSO,LOJA
1598,25 DE DICIEMBRE,LOJA
1599,ISIDRO AYORA PRESIDENTE,LOJA
1600,MANUEL IGNACIO MONTERO VALDIVIESO,LOJA
1601,HERNAN GALLARDO MOSCOSO,LOJA
1602,PARAISO INFANTIL,LOJA
1603,PEDRO DE CIANCA,LOJA
1604,BURBUJITAS DE SABIDURIA,LOJA
1605,FILOMENA ROJAS,LOJA
1606,ZOILA MARIA ASTUDILLO CELI,LOJA
1607,JOSE ALEJANDRINO VELASCO,LOJA
1608,FILOMENA MORA DE CARRION,LOJA
1609,UNIDAD EDUCATIVA MUNICIPAL DR ANGEL FELICISIMO ROJAS,LOJA
1610,UNIDAD EDUCATIVA MUNICIPAL MONSEÑOR JORGE GUILLERMO ARMIJOS,LOJA
1611,CIUDAD DE LOJA,LOJA
1612,JULIO ORDOÑEZ ESPINOSA,LOJA
1613,JOSE ANGEL PALACIO,LOJA
1614,ORIENTE ECUATORIANO,LOJA
1615,COLEGIO FISCAL MIXTO MANUEL ENRIQUE RENGEL,LOJA
1616,ROSA GRIMANESA ORTEGA,LOJA
1617,JOSE MIGUEL GARCIA MORENO,LOJA
1618,INTERNATIONAL SCHOOL HIJOS DEL REY,LOJA
1619,COLEGIO NACIONAL ADOLFO VALAREZO,LOJA
1620,CENTRO DE REHABILITACION DE MENORES,LOJA
1621,CENTRO EDUCATIVO PARTICULAR BILINGUE DIRIGENTES DEL FUTURO,LOJA
1622,PARTICULAR A DISTANCIA AMAZONAS,LOJA
1623,LAURO DAMERVAL AYORA Nº2,LOJA
1624,INSTITUTO PARTICULAR DE EDUCACION BASICA SIMON BOLIVAR,LOJA
1625,RAMON SEBASTIAN VALDIVIEZO,LOJA
1626,REPUBLICA DE CUBA,LOJA
1627,DANIEL RODAS BUSTAMANTE,LOJA
1628,DRA  MATILDE HIDALGO DE PROCEL N1,LOJA
1629,GRACIELA FELIPA ATARIHUANA,LOJA
1630,UNIDAD EDUCATIVA MUNICIPAL TIERRAS COLORADAS,LOJA
1631,U.E MUNICIPAL BORJA,LOJA
1632,MATILDE HIDALGO DE PROCEL NRO 2,LOJA
1633,ANDRES MACHADO MONTERO,LOJA
1634,CAPULÍ LOMA,LOJA
1635,MONS.JUAN MARIA RIOFRIO,LOJA
1636,JOSE MIGUEL BURNEO BURNEO,LOJA
1637,LUZ HORTENSIA RUIZ CENTRO ARTESANAL,LOJA
1638,CENTRO EDUCATIVO IV CENTENARIO 2,LOJA
1639,CENTRO EDUCATIVO SAGRADO CORAZON PRIMARIA,LOJA
1640,NIÑO JESUS,LOJA
1641,C.E.P. TIMOTEO,LOJA
1642,UNIDAD INFANTIL MUNICIPAL CENTRO COMERIAL LOJA,LOJA
1643,LAURO DAMERVAL AYORA 1,LOJA
1644,INSTITUTO EDUCATIVO SAN FRANCISCO JAVIER,LOJA
1645,CENTRO DE AUDICION Y LENGUAJE,LOJA
1646,LAS TRAVESURAS DE CAMILO,LOJA
1647,CUARTO  CENTENARIO  N 1,LOJA
1648,ZOILA ALVARADO DE JARAMILLO,LOJA
1649,FERNANDO CHAVEZ,LOJA
1650,SIN NOMBRE,LOJA
1651,CENTINELA DEL SUR,LOJA
1652,MADRE ETERNA,LOJA
1653,LA FLORIDA,LOJA
1654,RAMON BURNEO,LOJA
1655,JOSE RAFAEL ARIZAGA VEGA,LOJA
1656,I.E. ESPECIAL DE LOJA NO. 2,LOJA
1657,DR.JORGE CASTILLO CARRION,LOJA
1658,FEDERICO GARCIA LORCA,LOJA
1659,DR. ANGEL RAFAEL MORALES,LOJA
1660,ROSA SANCHEZ DE FIERRO,LOJA
1661,CLOTILDE GUILLEN DE REZANO,LOJA
1662,DR LUIS FELIPE ZAPATER ALVAREZ BLANCO,LOJA
1663,24 DE MAYO,LOJA
1664,HUGO GUILLERMO GONZALEZ,LOJA
1665,IBEROAMERICANO SAN AGUSTIN,LOJA
1666,POMPILIO REINOSO JARAMILLO,LOJA
1667,COLEGIO PARTICULAR EUGENIO ESPEJO,LOJA
1668,JULIO MARIA MATOVELLE,LOJA
1669,MARIETA DE VEINTIMILLA,LOJA
1670,UNIDAD EDUCATIVA TENIENTE CORONEL LAURO GUERRERO,LOJA
1671,ALBERGUE INFANTIL PADRE JULIO VILLARROEL OCAÑA,LOJA
1672,GUSTAVO DARQUEA TERAN,LOJA
1673,JOSE MARIA JARAMILLO SUAREZ,LOJA
1674,EMILIANO MORA,LOJA
1675,EDUCARE,LOJA
1676,JOSE INGENIEROS NUMERO 1,LOJA
1677,FRANCISCO RODAS BUSTAMANTE,LOJA
1678,MUNDO DE JUGUETE,LOJA
1679,JOSE INGENIERO N 2,LOJA
1680,SAN PABLO,LOJA
1681,CENTRO EDUCATIVO COMUNITARIO PACHAKUTIK,LOJA
1682,UNIDAD EDUCATIVA FERNANDO SUAREZ PALACIO,LOJA
1683,AMARILIS FUENTES,LOJA
1684,INTI PAKARI,LOJA
1685,WAKA KUSKA,LOJA
1686,BALBINA HIDALGO,LOJA
1687,CARCHI N21,LOJA
1688,DR MAXIMO AGUSTIN RODRIGEZ,LOJA
1689,SANTA CATALINA,LOJA
1690,MIGUEL ESPINOSA,LOJA
1691,CAMINOS DEL SABER,LOJA
1692,UNIDAD EDUCATIVA A DISTANCIA DE LOJA EXT MONS LEONIDAS PROAÑO,LOJA
1693,KAPAK RAYMI,LOJA
1694,VICTOR MARCOS MEDINA,LOJA
1695,MONSEÑOR LEONIDAS PROAÑO N 3,LOJA
1696,LUZ COSTA ZABALETA,LOJA
1697,MARIANA DE JESUS GUANUCHE,LOJA
1698,ROBERTO ANDRADE,LOJA
1699,INKA ÑAN,LOJA
1700,AMAWTA WASI,LOJA
1701,MONS LEONIDAS PROAÑO NO 2,LOJA
1702,RUMIÑAHUI,LOJA
1703,YACHAYTA MICHIK,LOJA
1704,INKA PIRKA,LOJA
1705,JOSEFA AMELIA ORTEGA ESPINOZA,LOJA
1706,ATAHUALPA Nº 18,LOJA
1707,UNIDAD EDUCATIVA A DISTANCIA DE LOJA  EXT MADRE LAURA MONTOYA,LOJA
1708,UNIDAD EDUCATIVA MUSHUK RIMAK,LOJA
1709,PEREZ TAGLE,LOJA
1710,ROSA MATILDE ALVEAR,LOJA
1711,LUIS PASTEUR,LOJA
1712,LOPEZ DE LEON,LOJA
1713,MAGDALENA DAVALOS,LOJA
1714,LEOPOLDO NICOLAS CHAVEZ,LOJA
1715,MERCEDES ALCIRA PALACIOS DE CARPIO,LOJA
1716,ABDON CALDERON MUÑOZ,LOJA
1717,AMAWTA KAWSAY,LOJA
1718,ABDON CALDERON,LOJA
1719,SR. MANUEL DE JESUS AUQUILLA CAMBISACA,LOJA
1720,HERNANDO DE BENAVENTE,LOJA
1721,COLEGIO NACIONAL MIXTO EL CISNE,LOJA
1722,GASPAR GOMEZ DE SALAZAR,LOJA
1723,COLEGIO NACIONAL AGUSTIN CURIPOMA,LOJA
1724,PEDRO BENAVENTE,LOJA
1725,ALVAREZ SANCHEZ COLOMBIA,LOJA
1726,HOMERO VITERI LA FRONTE,LOJA
1727,PRIMERO DE JUNIO,LOJA
1728,JULIA JARAMILLO,LOJA
1729,ALFONSO MARIA SILVA,LOJA
1730,10 DE DICIEMBRE,LOJA
1731,UNIDAD EDUCATIVA FISCOMISIONAL CORAZON DE MARIA,LOJA
1732,ESCUELA IBARRA,LOJA
1733,AZUAY N 12,LOJA
1734,GONZALO PIZARRO,LOJA
1735,VICTOR AMABLE ZHUNAULA,LOJA
1736,CARDENAL PABLO MUÑOZ VEGA,LOJA
1737,LEONARDO GALAN PEREZ,LOJA
1738,GALO PLAZA LASO,LOJA
1739,LIBERTADOR BOLIVAR,LOJA
1740,COLEGIO PARTICULAR JOSE MARIA VIVAR CASTRO,LOJA
1741,CLODOVEO CARRION,LOJA
1742,LICEO DE LOJA,LOJA
1743,ARTESANAL CECIM,LOJA
1744,COLEGIO PARTICULAR A DISTANCIA DR. JOSE MARIA VIVAR CASTRO,LOJA
1745,TENDENCIAS INFORMATICAS,LOJA
1746,CENTRO DE REHABILITACION DE ADULTOS DE LOJA,LOJA
1747,CONSERVATORIO PARTICULAR DE ARTE ANTON BRUCKNER,LOJA
1748,GOTITAS DE MIEL,LOJA
1749,POPULAR,LOJA
1750,MANUEL ENRIQUE RENGEL,LOJA
1751,LUZ BENIGNA LUZURIAGA MORALES,LOJA
1752,JORGE SOTOMAYOR CASTRO,LOJA
1753,CENTRO DE FORMACION ARTESANAL SANTA MARIANA DE JESUS,LOJA
1754,UNIDAD EDUCATIVA DEL MILENIO  5 DE JUNIO,LOJA
1755,13 DE JUNIO,LOJA
1756,CORONEL MIGUEL ANGEL ESTRELLA,LOJA
1757,MANUELITA SAENZ,LOJA
1758,DR. CARLOS ROMAN HINOSTROSA,LOJA
1759,SANTA MARIANA DE JESUS,LOJA
1760,DIEZ DE AGOSTO DE MACARA,LOJA
1761,CARLOS FRANCO PEREZ,LOJA
1762,RIO SANTIAGO,LOJA
1763,CARLOS  AROSEMENA TOLA,LOJA
1764,JUVENTINO CARRERA,LOJA
1765,ANTONIO ANTE,LOJA
1766,LUIS ALBERTO VALENCIA,LOJA
1767,JUAN RAFAEL ARROBO,LOJA
1768,LUIS FELIPE ROMAN JARAMILLO,LOJA
1769,CARLOS VEINTIMILLA,LOJA
1770,MANUEL ENRIQUE RENGEL,LOJA
1771,IGNACIO ADOLFO GRANDA VALAREZO,LOJA
1772,UNIDAD EDUCATIVA FISCOMISIONAL MARISTA,LOJA
1773,CIUDAD DE CUENCA,LOJA
1774,JARDIN DE INFANTES GEOFRE LUZURIAGA,LOJA
1775,NUEVO AMANECER,LOJA
1776,NUEVO AMANECER,LOJA
1777,VICENTE RAMON ROCA,LOJA
1778,MANUEL DARIO SUQUILANDA ARIAS,LOJA
1779,MAXIMILIANO ROMAN,LOJA
1780,CARLOS GUERRA BOADA,LOJA
1781,EMILIO BUSTAMANTE MORA,LOJA
1782,JOHN F. KENNEDY,LOJA
1783,SALVADOR BUSTAMANTE CELI,LOJA
1784,JUVENAL JARAMILLO,LOJA
1785,SEGUNDO ABELARDO ACARO,LOJA
1786,CARLOS MARX,LOJA
1787,ROSARIO LUCRECIA APOLO LARREATEGUI,LOJA
1788,UNIDAD EDUCATIVA A DISTANCIA DE LOJA  EXT PROYECCION AL FUTURO,LOJA
1789,CENTRO ARTESANAL JUAN RAFAEL ARROBO,LOJA
1790,MACARA,LOJA
1791,LUZ BENIGNA CALLE,LOJA
1792,RAFAEL CELI,LOJA
1793,MANUEL BENIGNO CUEVA,LOJA
1794,SIMON RODRIGUEZ,LOJA
1795,COLEGIO TECNICO AGROPECUARIO JORGE SANCHEZ MORENO,LOJA
1796,NUEVO PORVENIR,LOJA
1797,CELIA VICTORIA ORTEGA,LOJA
1798,FRANCISCO GRANDA CORDOVA,LOJA
1799,TORIBIO MORA,LOJA
1800,LUIS ALFREDO BUSTAMANTE,LOJA
1801,BASE  SUR,LOJA
1802,HEROES DE TIWINTZA,LOJA
1803,ANGELA PETRONILA CELI,LOJA
1804,RAMON ZÚÑIGA,LOJA
1805,DR. GUSTAVO ORTIZ ORELLANA,LOJA
1806,CARLOS GUEVARA MORENO,LOJA
1807,ROSA HONORINA HIDALGO SOTOMAYOR DE RODRIGUEZ,LOJA
1808,DR. DARIO EGUIGUREN,LOJA
1809,ALFREDO OSPINA,LOJA
1810,JOSE MARÍA ESPINOZA,LOJA
1811,COLEGIO TECNICO AGROPECUARIO LA VICTORIA,LOJA
1812,GOTITAS DEL SABER,LOJA
1813,NUEVA ESPERANZA,LOJA
1814,JUAN JOSE FLORES,LOJA
1815,ROLANDO VELEZ RIVERA,LOJA
1816,BARTOLOME DE LAS CASAS,LOJA
1817,ESCUELA CIUDAD DE MACARA MIXTA,LOJA
1818,PAUL RIVETT,LOJA
1819,HERMINIA JARAMILLO VACA,LOJA
1820,25 DE JULIO,LOJA
1821,SEGUNDO NICANOR CASTILLO,LOJA
1822,LIC. ANGEL BENIGNO CARRION,LOJA
1823,CAMILO GALLEGOS DOMINGUEZ,LOJA
1824,CENTRO DE FORMACION ARTESANAL OLMEDO,LOJA
1825,ROSA AMALIA PALADINES,LOJA
1826,AMERICO VESPUCIO,LOJA
1827,UNIDAD EDUCATIVA A DISTANCIA DE LOJA EXT LIC PATRICIO CARVAJAL,LOJA
1828,DR RAFAEL SEVILLA,LOJA
1829,COLEGIO NACIONAL LA TINGUE,LOJA
1830,DR  MANUEL VARGAS CALLE,LOJA
1831,JUAN RAFAEL SANCHEZ ROMAN,LOJA
1832,LUIS GODIN,LOJA
1833,CUIDAD DE BRASILIA,LOJA
1834,JUAN DE ALDERETE,LOJA
1835,UNIDAD EDUCATIVA     MONS  ALBERTO ZAMBRANO PALACIOS,LOJA
1836,GUAYAQUIL,LOJA
1837,JULIO VERNE,LOJA
1838,ESCUELA FISCAL MIXTA OLMEDO,LOJA
1839,DR FRANSISCO COSTA ZABALETA,LOJA
1840,CIUDAD DE LA PAZ,LOJA
1841,MARQUEZA DE SOLANDA,LOJA
1842,IGNACIO DE VEINTIMILLA,LOJA
1843,ECUELA FISCAL MIXTA SAMUEL VALDIVIESO,LOJA
1844,RIO ZARUMILLA,LOJA
1845,BERTHA MARINA QUISHPE VIRE,LOJA
1846,JOSE BENJAMIIN ROBLES CARRION,LOJA
1847,VASCO NUNEZ DE BALBOA,LOJA
1848,ANTONIO NARIÑO,LOJA
1849,LUIS BARRAGAN TORRES,LOJA
1850,HECTOR BURBANO,LOJA
1851,SUIZA,LOJA
1852,CRISTOBAL COLON,LOJA
1853,FRANCISCO VALDIVIESO,LOJA
1854,LEONIDAS PROAÑO,LOJA
1855,MATILDE HIDALGO DE PROCEL,LOJA
1856,3 DE DICIEMBRE,LOJA
1857,PROFESOR GALO ANIBAL LOPEZ VIVANCO,LOJA
1858,MIGUEL VALDIVIESO,LOJA
1859,ROBERTO RUILOVA,LOJA
1860,FRANCISCO TERAN,LOJA
1861,GENERAL SAN MARTIN,LOJA
1862,DIVINO NIÑO JESÚS,LOJA
1863,HERMEL N VELASCO,LOJA
1864,BERTHA ABARCA DE LUDEÑA,LOJA
1865,GONZALO RUBIO ORBE,LOJA
1866,PRINCESA TOA,LOJA
1867,DR JOSE MARIA VELASCO IBARRA,LOJA
1868,HERMINIA MASACHE JARAMILLO,LOJA
1869,RAFAEL TANDAZO TACURI,LOJA
1870,25 DE AGOSTO,LOJA
1871,AQUILES PEREZ,LOJA
1872,CENTRO DE EDUCACION ESPECIAL JOSE BELISARIO DIAZ,LOJA
1873,MARCELINO CHAMPAGNAT,LOJA
1874,DOMINGO CELI,LOJA
1875,LUIS FERNANDO BRAVO PLANTEL CENTRAL DE LA RED EDUCATIVA TACORANGA,LOJA
1876,LEONIDAS PROAÑO,LOJA
1877,MONSEÑOR JORGE GUILLERMO ARMIJOS,LOJA
1878,UNIDAD EDUCATIVA DISTANCIA DE LOJA EXT DR MARIO ABRIL FREIRE,LOJA
1879,ALFREDO BAQUERIZO MORENO,LOJA
1880,25 DE JUNIO,LOJA
1881,LASTENIA VALDIVIESO ALVARADO,LOJA
1882,SU MAJESTAD EL NIÑO,LOJA
1883,ESCUELA FISCAL PISACA,LOJA
1884,RAFAEL VILLAVICENCIO VELEZ,LOJA
1885,COLEGIO NACIONAL SEGUNDO CUEVA CELI,LOJA
1886,MANUEL RIOFRIO,LOJA
1887,MANUEL UTRERAS GOMEZ,LOJA
1888,13 DE MAYO,LOJA
1889,NUESTRA SEÑORA DEL CARMEN,LOJA
1890,TRINIDAD TORRES,LOJA
1891,UNIDAD EDUCATIVA MARISTA CATACOCHA,LOJA
1892,DOCTOR MANUEL ALEJANDRO CARRION,LOJA
1893,LUIS ALFREDO MARTINEZ,LOJA
1894,CARLOS EDUARDO GONZALEZ,LOJA
1895,MONSENOR FRANCISCO VALDIVIEZO,LOJA
1896,EXPERIMENTAL PALTAS,LOJA
1897,EDMUNDO CARBO,LOJA
1898,LEONIDAS AUGUSTO GUERRERO LOPEZ,LOJA
1899,DANIEL ALVAREZ BURNEO,LOJA
1900,COLEGIO DR CARLOS MANUEL ESPINOZA,LOJA
1901,PROFESOR SEGUNDO CHAMBA BARBA,LOJA
1902,MANUEL VICENTE VIVANCO,LOJA
1903,JOSE ROSA MALDONADO HURTADO,LOJA
1904,14 DE ABRIL,LOJA
1905,DARIO GUEVARA,LOJA
1906,HNO. JOAQUIN LLEBANA CALLE,LOJA
1907,JUAN MARIA ARMIJOS CAMPOVERDE,LOJA
1908,MAXIMILIANO BARBA,LOJA
1909,MANUEL  J  JARAMILLO,LOJA
1910,GUILLERMO HUMBERTO VINTIMILLA,LOJA
1911,JUAN IVAN CUEVA,LOJA
1912,SEGUNDO VICENTE CARRION ORTEGA,LOJA
1913,JUAN RAMON JIMENEZ,LOJA
1914,COLEGIO NACIONAL MACANDAMINE,LOJA
1915,CORINA PARRAL DE VELASCO IBARRA,LOJA
1916,19 DE SEPTIEMBRE,LOJA
1917,FILOMENO ALVERTANO VALAREZO ROMAN,LOJA
1918,BERMEO VASQUEZ,LOJA
1919,DR. JUAN FRANCISCO ONTANEDA,LOJA
1920,JORGE GUILLERMO ARMIJOS,LOJA
1921,MONSEÑOR FRANCISCO VALDIVIESO ALVARADO,LOJA
1922,ESCUELA FRANCISCO CELI BARBA SEDE RED ESCOLAR RURAL YAMANA,LOJA
1923,VENTURA ENCALADA BARRAGAN,LOJA
1924,ALFREDO VERA,LOJA
1925,DARIO BENAVIDES ,LOJA
1926,ANDRES F.CORDOVA,LOJA
1927,BUENOS AIRES,LOJA
1928,CANONIGO BOLIVAR BAILON MORALES,LOJA
1929,LUIS CLEMENTE CUEVA,LOJA
1930,ESCUELA RUMICHACA,LOJA
1931,EZEQUIEL MANUEL GUAMAN SARAGURO,LOJA
1932,HECTOR LARA ZAMBRANO,LOJA
1933,TECNICO AGROPECUARIO FRONTERA SUR,LOJA
1934,APARICIO BRAVO,LOJA
1935,CELSO FELIPE ATARIHUANA,LOJA
1936,ESCUELA DANIEL ALVAREZ BURNEO,LOJA
1937,ISAURO DE JESUS DIAZ DIAZ,LOJA
1938,VICTOR MANUEL REYES AZANZA,LOJA
1939,PEDRO VICTOR FALCONI,LOJA
1940,COLEGIO TECNICO AGROPECUARIO TCNEL. LAURO GUERRERO,LOJA
1941,DOMINGO FAUSTINO SARMIENTO,LOJA
1942,DEMOSTENES,LOJA
1943,ISAURO BORRERO RIOFRIO,LOJA
1944,LAURA PIEDRA,LOJA
1945,PARCIALIDAD DE LOS PALTAS,LOJA
1946,LAURO GUERRERO BECERRA,LOJA
1947,JOSE MARIA ALDEAN,LOJA
1948,ESTHER CARRION,LOJA
1949,ANDRES BELLO,LOJA
1950,NICANOR GUERRERO,LOJA
1951,FRANCISCO RODRIGUEZ,LOJA
1952,EMILIANO GUERRERO,LOJA
1953,MARIANO DE JESUS MUIMA JARA,LOJA
1954,ESCUELA GUACHANAMA,LOJA
1955,MANUEL DE JESUS VARGAS GUALAN,LOJA
1956,VIRGILIO A LUDEÑA,LOJA
1957,GARCILAZO DE LA VEGA,LOJA
1958,VICENTE ANDA AGUIRRE,LOJA
1959,BELISARIO QUEVEDO,LOJA
1960,29 DE MAYO,LOJA
1961,DR. FRAY PEDRO RODRIGEZ DE AGUAYO,LOJA
1962,UNIDAD EDUCATIVA A DISTANCIA DE LOJA  EXT HNO MIGUEL FEBRES CORDERO,LOJA
1963,CONQUISTADORES PALTENSES,LOJA
1964,MIGUEL ANGEL RODRIGUEZ,LOJA
1965,CIUDAD DE ASUNCION,LOJA
1966,HUMBERTO VACA GOMEZ,LOJA
1967,GRECIA,LOJA
1968,CIUDAD DE MANAGUA,LOJA
1969,LUZ TORRES DE LUDENA,LOJA
1970,PROFESORA ROSARIO PALACIOS,LOJA
1971,SANTOS EFRAIN ELIZALDE,LOJA
1972,DR JOSE MIGUEL MORA REYES,LOJA
1973,D  BERNARDO RIOFRIO,LOJA
1974,REPUBLICA DE SURINAN,LOJA
1975,PROVINCIA DE PAZTAZA,LOJA
1976,ESCUELA FISCAL MIXTA BOGOTA,LOJA
1977,COLEGIO TECNICO AGROPECUARIO ORIANGA,LOJA
1978,SENDEROS DEL SABER,LOJA
1979,BRAULIO BARILLAS,LOJA
1980,BENJAMIN AYORA,LOJA
1981,ABRAHAM LINCOLN,LOJA
1982,CIUDAD DE PINDAL,LOJA
1983,LUZ ANGELICA MARTINEZ,LOJA
1984,NATIVIDAD PARRALES,LOJA
1985,MANUEL ELICIO FLOR,LOJA
1986,SOLDADO VICENTE ARNULFO ROSERO PALACIOS,LOJA
1987,JOSE MIGUEL ZARATE,LOJA
1988,COLEGIO RAMON RIOFRIO BUSTAMANTE,LOJA
1989,JUAN PIO MONTUFAR,LOJA
1990,SEGUNDO CUEVA CELI,LOJA
1991,ROSA ELENA TRANSITO AMAGUAÑA,LOJA
1992,ANTONIO NEUMANE,LOJA
1993,MONTECRISTI,LOJA
1994,FRAY JODOCO RICKE,LOJA
1995,DOLORES SUCRE,LOJA
1996,VICTOR EFREN PILCO,LOJA
1997,MAURO BUSTAMANTE,LOJA
1998,PEDRO JOSE ARTETA,LOJA
1999,TUNGURAHUA,LOJA
2000,SIN NOMBRE  3 DE NOVIEMBRE,LOJA
2001,CLOTARIO PAZ PALADINES,LOJA
2002,FERNANDO ARTIEDA MIRANDA,LOJA
2003,ANGEL SALVADOR VALAREZO REYES,LOJA
2004,SIN NOMBRE,LOJA
2005,SUBTENIENTE ANGEL RAUL RAMIREZ SANDOYA,LOJA
2006,ESCUELA REINA DEL CISNE,LOJA
2007,AMABLE GUILLERMO AYORA BERNAL,LOJA
2008,VICTOR MIGUEL MONCAYO PALACIOS,LOJA
2009,SUA (LAS PENAS),LOJA
2010,CAPITAN ELIA LIUT,LOJA
2011,ELENA DE TROYA,LOJA
2012,CIUDAD DE ROMA,LOJA
2013,JOSE RODRIGUEZ DE LA BANDERA,LOJA
2014,SEÑOR MANUEL EUDOLIO GRANDA,LOJA
2015,JAMBELI,LOJA
2016,ESCUELA CACHA,LOJA
2017,SIMON ROJAS,LOJA
2018,LUIS MIGUEL JIMENEZ OCHOA,LOJA
2019,OLGA MARINA GONZALEZ GRANDA,LOJA
2020,NARCISA DE JESUS MARTILLO MORAN,LOJA
2021,EDUARDO HANNER,LOJA
2022,ZOILA RENDON DE MOSQUERA,LOJA
2023,SR LUIS FELIPE REQUENES,LOJA
2024,JOSE MARIA URBINA,LOJA
2025,LUIS URDANETA,LOJA
2026,CLEOTILDE GRANDA RIOFRIO,LOJA
2027,COLEGIO NACIONAL PINDAL,LOJA
2028,GENERAL PILLAGUAZO,LOJA
2029,RAMON PINTO GUZMAN,LOJA
2030,MARCO SEGUNDO ESPINOZA PINDAY,LOJA
2031,UNIDAD EDUCATIVA A DISTANCIA DE LOJA EXTENSION DR LAUTARO LOAIZA,LOJA
2032,ALFREDO PEREZ GUERRERO,LOJA
2033,JARDIN DE INFANTES MARIA ANGELICA IDROVO,LOJA
2034,JORGE ISAAC,LOJA
2035,ROSALIA VACA DE VARGAS,LOJA
2036,LA SUPERACION,LOJA
2037,EL PROGRESO,LOJA
2038,CIUDAD DE QUITO,LOJA
2039,VÍCTOR MANUEL PEÑAHERRERA,LOJA
2040,MANUEL QUIROGA,LOJA
2041,DOS DE AGOSTO,LOJA
2042,SEGUNDO MIGUEL SALAZAR,LOJA
2043,HEROES DE 1941,LOJA
2044,LA ZARZA,LOJA
2045,JOSE CLODOVEO CARDENAS,LOJA
2046,JUAN JACOBO ROUSSEAU,LOJA
2047,RIO AMAZONAS,LOJA
2048,RAMON SAMANIEGO PALACIOS,LOJA
2049,PABLO NERUDA,LOJA
2050,RIO MACARA,LOJA
2051,LUIS NAPOLEON DILLON,LOJA
2052,PAULO FREIRE,LOJA
2053,REPUBLICA DE HONDURAS,LOJA
2054,CORDILLERA DEL CONDOR,LOJA
2055,MARCOS OCHOA MUÑOZ,LOJA
2056,ANGEL MINOS GRANDA,LOJA
2057,CENTRO DE FORMACIÓN ARTESANAL VICENTINO,LOJA
2058,COSME RENELLA,LOJA
2059,ISLA PUNA,LOJA
2060,RIO CENEPA,LOJA
2061,FLORA OCHOA LUDEÑA,LOJA
2062,RIO MATAJE,LOJA
2063,CAMILO BUENAVENTURA PINZA,LOJA
2064,RIO TIWINSA,LOJA
2065,REPUBLICA DE NICARAGUA,LOJA
2066,SANTIAGO RAMON Y CAJAL,LOJA
2067,MANUEL CARRION PINZANO,LOJA
2068,8 DE DICIEMBRE,LOJA
2069,ALONSO DE MERCADILLO,LOJA
2070,LUCIANO BENJAMIN CABRERA,LOJA
2071,MODESTO CHAVEZ FRANCO,LOJA
2072,ALONSO DE MERCADILLO,LOJA
2073,RIO PUYANGO,LOJA
2074,MANUEL AGUSTIN AGUIRRE,LOJA
2075,CARLOS GARBAY MONTESDEOCA,LOJA
2076,OCHO DE SEPTIEMBRE,LOJA
2077,PROFESORA ELVIA LUZURIAGA,LOJA
2078,AUGUSTO COMPTE,LOJA
2079,LA LIBERTAD,LOJA
2080,CORONEL FRANCISCO CALDERON,LOJA
2081,MIGUEL ANGEL ALBORNOZ,LOJA
2082,CESAR DAVILA ANDRADE,LOJA
2083,DANIEL VELEZ,LOJA
2084,ECUADOR AMAZONICO,LOJA
2085,CARLOS ZAMBRANO,LOJA
2086,BATALLON ESPAÑA,LOJA
2087,5 DE ABRIL,LOJA
2088,JUAN PABLO SAENZ,LOJA
2089,EMILIO DURKEIN,LOJA
2090,COLEGIO LAUTARO VICENTE LOAYZA,LOJA
2091,FRANCISCO LECARO PEREZ,LOJA
2092,CUATRO DE OCTUBRE,LOJA
2093,SANTIAGO DE LAS MONTAÑAS,LOJA
2094,PABLO NERUDA,LOJA
2095,ABDON CALDERON MUÑOZ,LOJA
2096,JULIO ISAAC ESPINOSA OCHOA,LOJA
2097,RIO CHINCHIPE,LOJA
2098,PEDRO PARRALES,LOJA
2099,MANUELA DE ALCALA SANCHEZ,LOJA
2100,PROFESORA MARIA LIVIA GRANDA,LOJA
2101,MARLENE SALCEDO DE CASTILLO,LOJA
2102,JOSE GABRIEL CAIZA MORALES,LOJA
2103,DOS DE AGOSTO,LOJA
2104,UNIDAD EDUCATIVA A DISTANCIA DE LOJA EXT PADRE FERNANDO PEÑAHERRE,LOJA
2105,CENTRO DE FORMACION ARTESANAL   ALAMOR,LOJA
2106,CORDILLERA DE AMBOCAS,LOJA
2107,GRAN COLOMBIA,LOJA
2108,PABLO PALACIO,LOJA
2109,CAPITAN GALO MOLINA,LOJA
2110,JULIO CESAR LARREA,LOJA
2111,REPUBLICA DEL PARAGUAY,LOJA
2112,CRISTOBAL OJEDA DAVILA,LOJA
2113,RAFAEL HUMBERTO VEGA,LOJA
2114,DEMETRIO AGUILERA MALTA,LOJA
2115,ELOY ALFARO,LOJA
2116,CORDILLERA DE CHILLA,LOJA
2117,JHON STUART MILL,LOJA
2118,LUIS FRIAS,LOJA
2119,JOSE LUCAS CALDERON CUEVA,LOJA
2120,TECNICO PUYANGO,LOJA
2121,GIOVANNI PATRICIO CALLES LASCANO,LOJA
2122,ARISTOTELES,LOJA
2123,ESCUELA  FISCAL MIXTA CUMANA,LOJA
2124,MARIA AMADA ULLOA,LOJA
2125,SARGENTO TOBAR,LOJA
2126,VICTOR HUGO JUMBO CUEVA,LOJA
2127,SANTIAGO DE LAS MONTAÑAS,LOJA
2128,GUSTAVO LEDESMA VASQUEZ,LOJA
2129,JHON LOOCK,LOJA
2130,PRINCESA PACCHA,LOJA
2131,RIO COCA,LOJA
2132,CUXIBAMBA,LOJA
2133,ANTONIO RICAURTE,LOJA
2134,RUPERTO ALARCON FALCONI,LOJA
2135,VICENTE OLMEDO,LOJA
2136,ESCUELA  FISCAL MIXTA RIO AGUARICO,LOJA
2137,JULIO ALBERTO PAREDES,LOJA
2138,ANGEL PALACIO,LOJA
2139,EL LIMO,LOJA
2140,SUBTENIENTE CESAR EDMUNDO CHIRIBOGA,LOJA
2141,08 DE  MARZO,LOJA
2142,VICTOR MANUEL CARRION,LOJA
2143,NICASIO SAFADI,LOJA
2144,CARLOS MANUEL OJEDA PALACIOS,LOJA
2145,FRANCISCO JAVIER RIOFRIO,LOJA
2146,RIO PUTUMAYO,LOJA
2147,AGUSTIN MENDIETA,LOJA
2148,MANUEL CARRION PINZANO,LOJA
2149,INES JIMENEZ,LOJA
2150,IGNACIO ALCOCER,LOJA
2151,JOSE MEJIA LEQUERICA,LOJA
2152,ISLA SANTA CRUZ,LOJA
2153,FRANCIA,LOJA
2154,JOAQUIN AÑAZCO,LOJA
2155,JOSE FAUSTO DE LA CUEVA,LOJA
2156,CAUPOLICAN,LOJA
2157,EFREN ROJAS LUDEÑA,LOJA
2158,DOCTOR LUIS FELIPE MORA,LOJA
2159,UNIDAD EDUCATIVA A DISTANCIA  DE LOJA EXTENSION 3 DE JUNIO,LOJA
2160,ROSARIO G DE MURILLO,LOJA
2161,COLEGIO TECNICO AGROPECUARIO QUILANGA,LOJA
2162,MANUEL ZAMBRANO,LOJA
2163,LUIS ALBERTO SOTOMAYOR SEDE RED ESCOLAR AUTONOMA RURAL FUNDOCHAMBA,LOJA
2164,JUAN CUEVA GARCIA,LOJA
2165,JUAN MANOSALVAS,LOJA
2166,VITERI FROILAN JIMENEZ GRANDA,LOJA
2167,COLEGIO TECNICO AGROPECUARIO LIC  MIGUEL ANTOLIANO SALINAS JARAMILLO,LOJA
2168,ALFONSO MEJIA,LOJA
2169,30  DE SEPTIEMBRE,LOJA
2170,HERNANDO DE SANTILLAN,LOJA
2171,ISLA SAN CRISTOBAL,LOJA
2172,JOSE ESPIRITU SANTO CORREA,LOJA
2173,RVDO  DR: SEGUNDO IGNACIO GODOY,LOJA
2174,FRANCISCO TERAN,LOJA
2175,JUVENAL SALINAS,LOJA
2176,KUNAN KAWSAY,LOJA
2177,FAUSTINO ROMERO ORDOÑEZ,LOJA
2178,ESCUELA FISCAL MIXTA INGAPIRCA,LOJA
2179,HERMANA ROSA ELVIRA ESPEJO,LOJA
2180,REINO DE QUITO,LOJA
2181,MANUEL AURELIO ESPINOZA,LOJA
2182,FIERROHURCO,LOJA
2183,MANUEL CRUZ MUÑOZ MUÑOZ,LOJA
2184,CARLOS MARIA DE LAS CONDAMINE,LOJA
2185,AMADEO VIVAR,LOJA
2186,BELISARIO MORENO,LOJA
2187,MARIA FLORINDA ARMIJOS,LOJA
2188,NAPOLEON BONAPARTE,LOJA
2189,CAZADORES DE LOS RIOS,LOJA
2190,MARIA RICARDA DE CHALAN,LOJA
2191,GRAD MIGUEL ITURRALDE,LOJA
2192,TORRICELLI,LOJA
2193,SEGISMUNDO FREUD,LOJA
2194,COLEGIO PROFESOR VIRGILIO ABARCA MONTESINOS,LOJA
2195,MARISCAL SUCRE,LOJA
2196,INTI RAYMI,LOJA
2197,WAYNA  KAPAK,LOJA
2198,JOSE MIGUEL ZHINGRE MEDINA,LOJA
2199,RUKUKUNAPAK  TANTARINA  WASI,LOJA
2200,UE INKA SAMANA,LOJA
2201,INKA WASI,LOJA
2202,YAGUARZONGO,LOJA
2203,KURI SARA LLAKTA,LOJA
2204,HATARI YUYAY,LOJA
2205,TUPAK YUPANKI,LOJA
2206,LAGO DE SAN PABLO,LOJA
2207,SAN FRANCISCO,LOJA
2208,SUMAK LLAKTA,LOJA
2209,10 DE MARZO,LOJA
2210,INSTITUTO TECNOLOGICO SUPERIOR SARAGURO,LOJA
2211,NUKANCHIK KAWSAY,LOJA
2212,CELINA VIVAR ESPINOSA ITS,LOJA
2213,PURIFICACION ORTIZ  HNAS MARIANITAS,LOJA
2214,FRANCISCANA FRAY CRISTÓBAL ZAMBRANO,LOJA
2215,CENTRO ARTESANAL SARAGURO (MATRIZ),LOJA
2216,SAN JOSE DE CALASANZ,LOJA
2217,DIVINO NIÑO JESUS,LOJA
2218,ROSA MARIA GUZMAN DE TORRES,LOJA
2219,ÁNGEL MARIA ÁVILA QUISHPE,LOJA
2220,AMAWTA HATARI,LOJA
2221,PRIMICIAS DE LA CULTURA DE QUITO,LOJA
2222,JAIME BEJARANO,LOJA
2223,KAWSAY ÑAN,LOJA
2224,MONS. BOLIVAR JARAMILLO,LOJA
2225,ALBERTO GUERRERO MARTINEZ,LOJA
2226,CISNE ÑAN,LOJA
2227,GUSTAVO ADOLFO OTERO,LOJA
2228,SISA  LLAKTA,LOJA
2229,MUSHUC ÑAN,LOJA
2230,ROBERTO MUÑOZ MALO,LOJA
2231,PEDRO VICENTE MALDONADO,LOJA
2232,PADRE LUIS FELIPE ORDOÑEZ,LOJA
2233,MARIANO CUEVA,LOJA
2234,EL VERGEL,LOJA
2235,ESCUELA FISCAL MIXTA FRANCISCO CAMPOS,LOJA
2236,AYUDA FRATERNA,LOJA
2237,OMAR TORRIJOS,LOJA
2238,PANUPALI,LOJA
2239,JOSE DE ANTEPARA,LOJA
2240,LUIS MOGROVEJO QUEVEDO,LOJA
2241,UNIDAD EDUCATIVA INTERCULTURAL BILINGUE ABC,LOJA
2242,JOSE MARIA ANDRADE,LOJA
2243,INTIPAK  CHURI,LOJA
2244,JUAN OCAMPO,LOJA
2245,JUAN AUGUSTO CHALAN,LOJA
2246,SEÑOR DE LOS MILAGROS,LOJA
2247,AGUINALDO CASTILLO,LOJA
2248,DOCTOR HUGO VIVAR FLORES,LOJA
2249,DR VICTOR VIVAR ESPINOZA,LOJA
2250,DR. LUCIANO LASSO ORTEGA,LOJA
2251,MANUEL BENIGNO CABRERA,LOJA
2252,LATACUNGA,LOJA
2253,CIUDAD DE TENA,LOJA
2254,LUIS ANTONIO MONTESINOS,LOJA
2255,JUAN PEDRO RAMON RAMIREZ,LOJA
2256,FRANCISCO ARIAS,LOJA
2257,SAN LUIS DE CURIACU,LOJA
2258,JOSE ORTEGA  Y GASSET,LOJA
2259,MANUEL JUVENTINO MUÑOZ,LOJA
2260,ESCUELA CARLOS FREIRE ZALDUMBIDE,LOJA
2261,VICENTE BASTIDAS REINOSO,LOJA
2262,RIO TIGRE,LOJA
2263,ROSALINO MONTAÑO ARMIJOS,LOJA
2264,29 DE JUNIO,LOJA
2265,CIUDAD DE ZUMBA,LOJA
2266,JUANITA COLLAHUAZO PAEZ,LOJA
2267,UNIDAD EDUCATIVA A DISTANCIA DE LOJA EXTENSIÓN PADRE ASDRUBAL ASTUDILL,LOJA
2268,ORILLAS DEL JUBONES,LOJA
2269,FIDEL ANTONIO SARAGURO,LOJA
2270,MACHALA,LOJA
2271,LIMAPAMBA,LOJA
2272,CIUDAD SARAGURO,LOJA
2273,CENTRO DE FORMACION ARTESANAL FISCAL MANU,LOJA
2274,MARIA ISOLINA MACAS,LOJA
2275,UNIDAD EDUCATIVA A DISTANCIA DE LOJA EXTENSION REINA DE EL CISNE,LOJA
2276,HUALCOPO DUCHICELA,LOJA
2277,MANUEL JARAMILLO TINOCO,LOJA
2278,FAUSTO GODOFREDO PACHAR LAZO,LOJA
2279,ANGEL JUVENAL SERRANO MORENO,LOJA
2280,MERCEDES GONZALEZ DE MOSCOSO,LOJA
2281,RIO MARAÑON,LOJA
2282,PROF. WILSON PALACIO SALCEDO,LOJA
2283,NUVE DEL CARMEN JUMBO SARANGO,LOJA
2284,GENERAL PLAZA,LOJA
2285,DARIO CISNEROS,LOJA
2286,DR. JOSE MARIA MONTESINOS VIVAR,LOJA
2287,AGUSTIN CELI,LOJA
2288,GRAL. JOSE DE VILLAMIL,LOJA
2289,NATAL ORELLANA,LOJA
2290,CIUDAD DE SANTA MARIA DE LEIVA,LOJA
2291,COLEGIO TECNICO AGROPECUARIO MANU,LOJA
2292,MAXIMILIANO WITT,LOJA
2293,MARCO AURELIO SUBÍA MARTINEZ,LOJA
2294,UNIDAD EDUCATIVA A DISTANCIA DE LOJA  EXTENSIÓN CHINCHANGA,LOJA
2295,DR. ERNESTO ALBAN GOMEZ,LOJA
2296,IGNACIO DE VEINTIMILLA,LOJA
2297,CENTINELA DEL SUR,LOJA
2298,LIC JOSÉ VICENTE MASACHE CUEVA,LOJA
2299,EL PORVENIR,LOJA
2300,NUEVA ESPERANZA,LOJA
2301,EDUCAR PARA EL FUTURO,LOJA
2302,ESTRELLAS DEL FUTURO,LOJA
2303,REINA DEL CARMEN,LOJA
2304,EDUCAR PARA EL FUTURO,LOJA
2305,LIC GONZALO VASQUEZ SAMANIEGO,LOJA
2306,ABEL CELI,LOJA
2307,VIRGINIA LUDEÑA ESCUDERO,LOJA
2308,JOSE VICENTE TRUJILLO,LOJA
2309,LUIS EMILIANO FLORES LUZURIAGA,LOJA
2310,6 DE DICIEMBRE,LOJA
2311,CENTRO ARTESANAL EDUARDO ANDRADE JARAMILLO,LOJA
2312,HERMINIA SOTO CELI DE ARIAS,LOJA
2313,QUIJOS,LOJA
2314,FRANCISCO HERBOLARIO SOLANO,LOJA
2315,HERNANDO DE MAGALLANES,LOJA
2316,ANGELA LUZURIAGA,LOJA
2317,ZOILO RODRIGUEZ,LOJA
2318,ERNESTO PINTO CASTILLO,LOJA
2319,SEBASTIAN VALDIVIEZO,LOJA
2320,EGDA MARIA GUERRERO LEON,LOJA
2321,GONZALO PAZ,LOJA
2322,DOLORES CELI,LOJA
2323,LEOPOLDO SAMANIEGO,LOJA
2324,ISAURO JARAMILLO MORA,LOJA
2325,AGUSTIN MOSQUERA CRESPO,LOJA
2326,18 DE NOVIEMBRE,LOJA
2327,HECTOR FAUSTINO JARAMILLO VALDIVIESO,LOJA
2328,CENTRO OCUPACIONAL DE MANUALIDADES DIVINO NIÑO,LOJA
2329,HERMANO MIGUEL,LOJA
2330,JOSE MARIA RIOFRIO VALDIVIEZO,LOJA
2331,MANUEL SAMANIEGO PEÑA,LOJA
2332,CIUDAD DE BAÑOS,LOJA
2333,TRES DE MAYO,LOJA
2334,20 DE DICIEMBRE,LOJA
2335,BARTOLOME RUIZ,LOJA
2336,ALBERTO MENA HIDALGO,LOJA
2337,PADRE RICARDO FERNANDEZ GUAMAN,LOJA
2338,SEGUNDO CORONEL SOTO,LOJA
2339,ESMERALDAS,LOJA
2340,NUEVO PORVENIR,LOJA
2341,DR. OTTO AROSEMENA GOMEZ,LOJA
2342,ESCUELA BENIGNO MALO,LOJA
2343,FLODUARDO LEON ALBAN,LOJA
2344,DR. ANTONIO TRUJILLO,LOJA
2345,SALUSTINO MEDARDO VIÑAN,LOJA
2346,EMILIANO ORTEGA ESPINOZA,LOJA
2347,26 DE SEPTIEMBRE,LOJA
2348,LUIS FELIPE VILLAMIL,LOJA
2349,PERPETUO SOCORRO,LOJA
2350,VIRGILIO ABARCA,LOJA
2351,ALTAR,LOJA
2352,3 DE OCTUBRE,LOJA
2353,LCDO AUGUSTO IZQUIERDO,LOJA
2354,GEOFRE  ABDON  LUZURIAGA,LOJA
2355,MANUEL AGUSTIN AGUIRRE,LOJA
2356,DR. MIGUEL ANGEL AGUIRRE SANCHEZ,LOJA
2357,VICTOR MIGUEL VASQUEZ FLORES,LOJA
2358,MATIAS ESPINOSA AYALA,LOJA
2359,LUIS CARPIO MORA,LOJA
2360,VILLONACO,LOJA
2361,ANTONIO JOSE DE SUCRE,LOJA
2362,JUAN FRANCISCO PINZON,LOJA
2363,LIC. NELSON GARCIA S,LOJA
2364,CAYO MELITÓN CASTILLO SOLANO,LOJA
2365,LIC GONZALO A VASQUEZ S,LOJA
2366,COLEGIO TECNICO FORESTAL DR ZOILO RODRIGUEZ,LOJA
2367,JESUS DEL  GRAN PODER,LOJA
2368,REINA DEL CISNE,LOJA
2369,DAVID VICENTE NAULA,LOJA
2370,JOSE FELIX DE VALDIVIESO,LOJA
2371,ESCUELA FISCAL MIXTA GENERAL  MARIANO VALDIVIESO,LOJA
2372,ZOILA LUZ GONZALES,LOJA
2373,CENTRO DE FORMACION ARTESANAL JOSE ANTONIO CAMPOS,LOJA
2374,HECTOR MANUEL ROJAS,LOJA
2375,MACAS,LOJA
2376,JOSE ANTONIO CAMPOS,LOJA
2377,MAYAYCU,LOJA
2378,DARIO GUEVARA,LOJA
2379,REINA MATERNAL DE LA FRONTERA,LOJA
2380,UNIDAD EDUCATIVA A DISTANCIA DE LOJA EXT  PADRE FRANCO AGUIRRE,LOJA
2381,AMAZONAS,LOJA
2382,RED EDUCATIVA CEIBA CHICA,LOJA
2383,ESCUELA ESPARTA,LOJA
2384,CAPITAN PEDRO BOUGUER,LOJA
2385,COLEGIO NACIONAL ZAPOTILLO,LOJA
2386,SARGENTO ALBERTO PERDOMO ,LOJA
2387,VIRGEN FRONTERIZA,LOJA
2388,PIO DE VALDIVIESO,LOJA
2389,ARTURO CORDOVA GRANDA,LOJA
2390,SGTO ANGEL DAVILA CHAMBA,LOJA
2391,ESCUELA CIUDAD DE CARIAMANGA,LOJA
2392,ESCUELA SOLDADO FRANCISCO A. CORONEL,LOJA
2393,CARACAS,LOJA
2394,ALBERT EINSTEIN,LOJA
2395,JOSE BALDOR,LOJA
2396,RIO GUAYLLABAMBA,LOJA
2397,ESCUELA PINTAC,LOJA
2398,ESCUELA ABDON ARMAS,LOJA
2399,JOSE MIGUEL VALENCIA,LOJA
2400,LUIS FELIPE  BORJA,LOJA
2401,23 DE ENERO,LOJA
2402,NAZACOTA PUENTO,LOJA
2403,VICENTE VALDIVIESO MORA,LOJA
2404,DOLORES VEINTIMILLA DE GALINDO,LOJA
2405,COLEGIO GALO ROLANDO VELEZ RIVERA,LOJA
2406,UNIDAD EDUCATIVA A DISTANCIA DE LOJA EXTENSION MANGAHURQUILLO,LOJA
2407,BATALLON CAYAMBE,LOJA
2408,27 DE FEBRERO,LOJA
2409,PRIMERO DE MAYO,LOJA
2410,GENERAL FRANCISCO ROBLES,LOJA
2411,UNIDAD EDUCATIVA A DISTANCIA DE LOJA EXTENSION JUAN PABLO II,LOJA
2412,MANGAHURCO,LOJA
2413,GREGORIO MARAÑON,LOJA
2414,PLAZA LEDESMA,LOJA
2415,NEVADO COTACACHI,LOJA
2416,CARLOS ALBERTO SANCHEZ GALLO,LOJA
2417,AMERICA ESCUELA FISCAL,LOJA
2418,ORIENTE,LOJA
2419,UNIDAD EDUCATIVA A DISTANCIA DE LOJA TOMAS MONTOYA  CAZADEROS,LOJA
2420,LORENZO DE HEREDIA,LOJA
2421,SLDO SEGUNDO NARVAEZ,LOJA
2422,BARON DE HUMBOLTH,LOJA
2423,NICOLAS BURNEO ARIAS,LOJA
2424,MANUEL FERNANDO GRANDA,LOJA
2425,MANUEL GONZALO BUSTAMANTE BUSTAMANTE,LOJA
2426,BERNARDINA MONCADA MONCADA,LOJA
2427,CABO DANIEL MARTINEZ,LOJA
2428,MARIA GENOVEVA ORTIZ,LOJA
2429,GLORIA VICENTA CHIRIBOGA,LOJA
2430,NICOLAS BURNEO ARIAS,LOJA
2431,SEIS DE DICIEMBRE,LOJA
2432,30 DE AGOSTO,LOJA
2433,BATALLON GENERAL CORDOVA,LOJA
2434,LOS ANDES,LOJA
2435,4 DE AGOSTO,LOJA
2436,ZAMORA,LOJA
2437,VOLUNTAD Y DESARROLLO,LOJA
2438,VICTOR HUGO ENCALADA,LOJA
2439,REPUBLICA DEL SALVADOR,LOJA
2440,ESCUELA 22 DE JULIO,LOJA
2441,PUERTO RICO,LOJA
2442,ING.JULIO GONZALO HIDALGO,LOJA
2443,GABRIEL GARCIA MARQUEZ,LOJA
2444,WILFRIDO VIDAL SANCHEZ,LOJA
2445,LUIS CARPIO MORA,LOJA
2446,ARENILLAS,LOJA
2447,JUAN HERMES REQUENA RAMIREZ,LOJA
2448,DR. TEODORO SANCHEZ,LOJA
2449,ZAPOTILLO,LOJA
2450,FRONTERA SUR,LOJA
2451,FRANCISCO DE ORELLANA,LOJA
2452,CENTINELA DEL SUR,LOJA
